{
    "name": "SC22",
    "road": {
        "random": true,
        "number_lanes": 2,
        "lane_width": 3.25,
        "sigma_lane_width": 0.25
    },
    "agents": [
        {
            "id": 0,
            "is_predefined": false,
            "cooperation_factor": 0.0,
            "action_space": {
                "type": "rectangle",
                "max_velocity_change": 5.0,
                "max_lateral_change": 5.0,
                "delta_velocity": 1.66666666666666666666667
            },
            "cost_model": {
                "name": "costNonLinear",
                "w1": [
                    -0.17806120216846466,
                    0.30812060832977295,
                    0.625923752784729,
                    -0.06229365989565849,
                    -0.10130176693201065,
                    0.06863901764154434,
                    0.5691829323768616,
                    1.0066018104553223,
                    -0.05364695563912392,
                    -0.09741925448179245,
                    0.009070416912436485,
                    0.6835213899612427,
                    1.0056074857711792,
                    -0.007731246761977673,
                    0.01457601971924305,
                    -0.12292811274528503,
                    -0.18855229020118713,
                    -0.31741446256637573,
                    -0.03791085258126259,
                    0.46708041429519653,
                    -0.184540256857872,
                    -0.062125835567712784,
                    -0.10414931923151016,
                    -0.19065630435943604,
                    0.2825232148170471,
                    0.1785038560628891,
                    -0.15176720917224884,
                    -0.10173684358596802,
                    -0.1477733552455902,
                    0.1559510976076126,
                    -0.12997466325759888,
                    0.2837706208229065,
                    0.9635805487632751,
                    -0.051311515271663666,
                    -0.08643289655447006,
                    -0.14710800349712372,
                    0.09559086710214615,
                    0.4073842167854309,
                    0.15400122106075287,
                    -0.01320701651275158,
                    -0.19156713783740997,
                    0.6854377388954163,
                    0.9407211542129517,
                    -0.040553271770477295,
                    0.05924730375409126,
                    -0.03733581677079201,
                    0.4177089333534241,
                    0.7273625135421753,
                    -0.08123252540826797,
                    -0.045620329678058624
                ],
                "w2": [
                    -0.02599203772842884,
                    1.2376011610031128,
                    2.226767063140869,
                    0.18742786347866058,
                    -0.5449250936508179
                ]
            },
            "desire": {
                "velocity": 12.0,
                "lane": 1,
                "lane_center_tolerance": 0.5,
                "velocity_tolerance": 1.0
            },
            "terminal_condition": {
                "position_x": 100.0,
                "position_y": 0.0,
                "comparator_position_x": "larger",
                "comparator_position_y": "none"
            },
            "vehicle": {
                "position_x": 0.0,
                "position_y": 4.875,
                "velocity_x": 12.0,
                "velocity_y": 0.0,
                "width": 1.827,
                "length": 4.709,
                "heading": 0.0,
                "random": true,
                "sigma_position_x": 0.0,
                "sigma_position_y": 0.2,
                "sigma_heading": 0.0,
                "sigma_width": 0.0,
                "sigma_length": 0.0,
                "sigma_velocity_x": 0.0,
                "sigma_velocity_y": 0.0,
                "wheel_base": 2.851,
                "max_steering_angle": 0.263,
                "max_speed": 36.0,
                "max_acceleration": 9.807
            }
        },
        {
            "id": 1,
            "is_predefined": false,
            "cooperation_factor": 0.0,
            "action_space": {
                "type": "rectangle",
                "max_velocity_change": 5.0,
                "max_lateral_change": 5.0,
                "delta_velocity": 1.66666666666666666666667
            },
            "cost_model": {
                "name": "costNonLinear",
                "w1": [
                    -0.17806120216846466,
                    0.30812060832977295,
                    0.625923752784729,
                    -0.06229365989565849,
                    -0.10130176693201065,
                    0.06863901764154434,
                    0.5691829323768616,
                    1.0066018104553223,
                    -0.05364695563912392,
                    -0.09741925448179245,
                    0.009070416912436485,
                    0.6835213899612427,
                    1.0056074857711792,
                    -0.007731246761977673,
                    0.01457601971924305,
                    -0.12292811274528503,
                    -0.18855229020118713,
                    -0.31741446256637573,
                    -0.03791085258126259,
                    0.46708041429519653,
                    -0.184540256857872,
                    -0.062125835567712784,
                    -0.10414931923151016,
                    -0.19065630435943604,
                    0.2825232148170471,
                    0.1785038560628891,
                    -0.15176720917224884,
                    -0.10173684358596802,
                    -0.1477733552455902,
                    0.1559510976076126,
                    -0.12997466325759888,
                    0.2837706208229065,
                    0.9635805487632751,
                    -0.051311515271663666,
                    -0.08643289655447006,
                    -0.14710800349712372,
                    0.09559086710214615,
                    0.4073842167854309,
                    0.15400122106075287,
                    -0.01320701651275158,
                    -0.19156713783740997,
                    0.6854377388954163,
                    0.9407211542129517,
                    -0.040553271770477295,
                    0.05924730375409126,
                    -0.03733581677079201,
                    0.4177089333534241,
                    0.7273625135421753,
                    -0.08123252540826797,
                    -0.045620329678058624
                ],
                "w2": [
                    -0.02599203772842884,
                    1.2376011610031128,
                    2.226767063140869,
                    0.18742786347866058,
                    -0.5449250936508179
                ]
            },
            "desire": {
                "velocity": 8.0,
                "lane": 1,
                "lane_center_tolerance": 0.5,
                "velocity_tolerance": 1.0
            },
            "terminal_condition": {
                "position_x": 100.0,
                "position_y": 0.0,
                "comparator_position_x": "larger",
                "comparator_position_y": "none"
            },
            "vehicle": {
                "position_x": 10.0,
                "position_y": 1.625,
                "velocity_x": 5.0,
                "velocity_y": 0.0,
                "width": 1.827,
                "length": 4.709,
                "heading": 0.0,
                "random": true,
                "sigma_position_x": 0.0,
                "sigma_position_y": 0.2,
                "sigma_heading": 0.0,
                "sigma_width": 0.0,
                "sigma_length": 0.0,
                "sigma_velocity_x": 0.0,
                "sigma_velocity_y": 0.0,
                "wheel_base": 2.851,
                "max_steering_angle": 0.263,
                "max_speed": 36.0,